Gender,Age Category,Marital Status,Number of Dependants,Employment Status,Salary per month (RM),Living cost per month (RM),Mortgage per month (RM),Shopping frequency per month,How much approximately you will spend when shopping?,Medical and Life Insurance,Savings Insurance,Expenses Category,Category of Customer
Female,2,No,0,no,0,500,0,1,1,1,1,1,low-end
Male,4,Yes,1,employed,3800,1590,300,2,1,1,1,1,low-end
Female,2,No,0,employed,2600,1700,400,1,1,1,1,1,low-end
Female,3,Yes,0,employed,2800,1500,400,1,1,1,1,2,low-end
Female,3,Yes,1,self-employed,4100,1600,0,2,1,2,1,2,middle-end
Male,2,Yes,3,employed,3100,1800,350,1,1,1,1,2,low-end
Female,2,Yes,1,employed,3200,1400,500,1,1,1,1,2,low-end
Male,4,Yes,1,employed,6100,2000,0,2,1,3,2,3,high-end
Female,2,Yes,1,employed,1797,1000,0,1,1,1,1,1,low-end
Female,5,Yes,2,employed,5800,1750,200,1,2,3,2,2,high-end
Male,2,No,0,employed,1300.5,650,0,1,1,1,1,1,low-end
Male,3,Yes,1,self-employed,5400,1570,200,1,1,1,2,2,middle-end
Female,3,Yes,2,employed,15000,2500,300,1,2,3,3,3,high-end
Male,3,Yes,1,employed,2200.5,1200,350,1,1,1,1,2,low-end
Female,2,No,0,employed,1990,450,200,1,1,1,1,1,low-end
Female,3,Yes,1,employed,2800,1100,280,1,1,1,1,1,low-end
Female,2,No,0,no,0,490,0,1,1,1,1,1,low-end
Male,5,No,0,employed,4200,1700,0,1,2,1,2,2,low-end
Male,5,Yes,3,self-employed,6100,2450,0,1,2,1,2,2,middle-end
Female,3,No,1,employed,3800,1450,450,1,1,2,1,2,low-end
Male,3,No,2,employed,4500,1990,480,1,2,1,2,2,low-end
Female,4,No,1,employed,1500,560,0,1,1,1,1,1,low-end
Male,4,Yes,5,self-employed,8000,2700,600,2,1,1,2,4,middle-end
Male,2,Yes,1,employed,2500,1300,0,1,1,1,1,1,low-end
Female,2,Yes,2,employed,3500,1440,450,1,1,1,1,2,low-end
Female,1,Yes,1,employed,2500,1300,370,1,1,1,1,2,low-end
Male,1,Yes,1,employed,2800,1100,250,1,1,1,1,1,low-end
Female,1,No,0,no,0,550,0,1,1,1,1,1,low-end
Male,1,No,0,part-time,700,490,0,1,1,1,1,1,low-end
Female,5,Yes,6,self-employed,3500,2100,0,1,1,1,1,2,low-end
Male,5,No,0,employed,4800,1670,560,1,1,2,1,2,low-end
Male,4,Yes,4,self-employed,12000,2200,0,2,2,2,2,3,middle-end
Female,4,No,1,employed,3600,1350,350,1,1,1,1,2,low-end
Female,4,No,1,employed,3600,1350,350,1,1,1,1,2,low-end
Male,4,No,2,employed,4000,1800,0,1,1,1,1,2,low-end
Male,3,Yes,1,employed,4500,1750,480,1,1,1,1,2,low-end
Male,4,No,2,self-employed,5600,2100,560,1,1,1,1,3,low-end
Male,2,No,1,employed,4800,1640,380,1,1,2,1,2,middle-end
Male,4,No,1,self-employed,5000,1990,580,1,1,1,1,3,low-end
Male,4,No,1,self-employed,5000,1660,489,1,2,1,1,2,low-end
Male,5,No,1,self-employed,6000,1890,210,1,1,2,1,2,middle-end
Male,3,Yes,2,employed,3800,1450,480,2,1,1,1,2,low-end
Male,3,No,3,employed,4000,1770,550,2,1,2,1,3,middle-end
Male,5,Yes,1,self-employed,14000,1850,120,2,1,3,3,2,high-end
Female,2,No,1,part-time,1200,570,0,1,1,1,1,1,low-end
Female,3,No,2,self-employed,3000,1400,400,1,1,1,1,2,low-end
Female,1,No,0,part-time,1000,770,0,1,1,1,1,1,low-end
Female,3,No,1,employed,3500,1820,330,1,1,1,1,2,low-end
Male,2,No,0,self-employed,3200,1880,590,1,1,1,1,3,low-end
Male,5,No,0,employed,3300,1500,320,1,1,1,1,2,low-end
Male,4,No,0,self-employed,5500,1760,565,1,1,2,1,3,middle-end
Male,3,Yes,1,employed,19000,2400,780,1,1,3,3,3,high-end
Male,4,No,1,self-employed,3500,1750,0,1,1,1,1,2,low-end
Female,3,No,2,self-employed,3800,1560,460,1,1,1,1,2,low-end
Male,3,Yes,3,employed,11000,2900,610,2,1,3,3,4,high-end
Female,4,Yes,2,self-employed,15550,2350,450,1,1,2,2,3,middle-end
Male,3,Yes,1,employed,9500,2000,350,1,2,2,1,2,middle-end
Female,4,Yes,3,employed,7500,1950,700,1,1,1,1,3,low-end
Female,1,No,0,employed,3890,1220,200,1,1,1,1,1,low-end
Female,2,No,0,employed,2250,1100,350,1,1,1,1,1,low-end
Male,2,Yes,2,employed,4100,1350,399,1,1,1,1,2,low-end
Female,5,Yes,2,employed,12500,2350,330,1,1,2,2,3,middle-end
Female,1,No,0,employed,1900,890,230,1,1,1,1,1,low-end
Male,2,Yes,1,employed,4500,1300,0,1,1,1,1,1,low-end
Female,5,Yes,3,employed,1650,980,0,1,1,1,1,1,low-end
Female,5,Yes,2,housewife,0,2100,0,1,1,1,1,2,low-end
Male,3,Yes,3,employed,5100,2350,440,1,1,1,1,3,low-end
Male,3,Yes,1,employed,2200,1400,0,1,1,1,1,1,low-end
Female,3,No,2,employed,7800,2200,440,1,1,2,2,3,middle-end
Female,4,Yes,2,employed,20000,3100,800,2,2,3,3,4,high-end
Female,4,Yes,2,employed,19000,2500,550,2,3,3,3,5,high-end
Male,4,Yes,4,self-employed,8800,2800,450,2,2,2,2,4,middle-end
Male,2,No,0,employed,2500,1300,300,1,1,1,1,2,low-end
Female,2,No,0,employed,3000,900,350,1,1,1,1,1,low-end
Male,3,Yes,3,employed,5500,950,450,1,1,3,3,1,high-end
Male,3,Yes,6,self-employed,9500,2700,690,1,4,2,2,4,middle-end
Female,5,Yes,6,self-employed,10000,1000,900,2,5,3,1,5,high-end
Female,4,Yes,2,employed,4800,2000,0,1,2,2,2,2,middle-end
Male,4,No,0,self-employed,3800,2000,330,1,2,1,1,2,low-end
Female,3,Yes,0,employed,15000,2100,780,3,2,2,2,4,middle-end
Male,3,Yes,3,self-employed,20000,2500,660,2,3,3,3,5,high-end
Female,2,No,0,part-time,1900,1100,0,1,1,1,1,1,low-end
Male,3,Yes,2,employed,4100,1990,500,1,3,2,2,3,middle-end
Male,4,Yes,2,employed,5500,2900,410,1,3,2,2,4,middle-end
Female,1,No,0,employed,2800,1000,200,1,1,1,1,1,low-end
Female,3,Yes,1,employed,5000,1800,0,2,3,2,2,2,middle-end
Male,4,Yes,1,employed,6500,2100,700,3,2,2,2,4,middle-end
Female,2,No,0,employed,3950,1790,550,1,2,1,1,2,low-end
Male,3,No,0,self-employed,3700,1800,390,2,1,1,1,3,low-end
Female,4,No,0,self-employed,9500,700,500,1,1,2,1,1,low-end
Female,1,No,1,employed,2990,1200,570,1,1,1,1,2,low-end
Male,3,Yes,2,employed,4200,1560,490,1,3,1,1,3,low-end
Male,1,Yes,1,self-employed,5500,500,0,1,1,1,1,1,low-end
Female,5,No,0,employed,5660,1500,0,1,4,2,2,3,middle-end
Male,4,Yes,3,employed,4800,2100,320,2,1,2,2,3,middle-end
Female,3,Yes,0,housewife,0,700,0,1,1,1,1,1,low-end
Female,4,Yes,1,employed,5600,2200,300,2,2,1,1,3,low-end
Female,3,No,1,employed,9000,500,500,1,2,2,1,1,middle-end
Male,4,Yes,2,self-employed,13000,1990,500,1,5,3,2,4,high-end
Male,3,No,3,employed,12000,750,800,2,2,2,1,2,low-end
,,,,,,,,,,,, ,
