cNRIC,cNickname,cFirstName,cLastName,cGender,cDOB,cAddress,cPhoneNo ,cMaritalStatus,cCareer,cSalary,userID
800630-10-5584,Aina,Aina,Mardiah,F,1980-06-30,"No. 10, Lorong Indah, Taman Indah, 43000 Kajang, Selangor.",164449999,Y,Medical Assistant,2600,2
700909-01-5167,Thinish,Thinish,Kumar,M,1970-09-09,"157, Jalan Senai Utama 1, Taman Senai Utama, 81400 Senai, Johor.",175006478,Y,Teacher,2800,3
730101-02-5841,Lim,Lim,Kiwah,M,1973-01-01,"No. 17, Lorong Wawasan Jaya, Taman Wawasan, 34200 Parit Buntar, Perak.",135561222,Y,Police Officer,3700,4
800108-11-5006,Suk,Suriah,Sukumar,F,1980-08-01,"Lot 1152, Kampung Gong Kiat, 20050 Kuala Terengganu, Terengganu.",128744800,Y,Accountant,4100,5
890707-07-5243,Aingon,Khairul,Aimmar,M,1989-07-07,"No. 8, Lorong Kesumba 1, Taman Kesumba, 14200 Sungai Jawi, Pulau Pinang.",174904901,Y,Nurse,2500,6
881205-13-5990,Mandy,Wong,Meichoo,F,1988-05-12,"No. 3, Taman Kopidims, 93250 Kuching, Sarawak.",112348991,Y,Stewardess,3200,7
690301-10-5001,Teng Boo,Tan,Tengboo,M,1969-01-03,"No 13, Jalan Putra, Putra Heights, 47650 Subang Jaya, Selangor.",167777123,Y,Engineer,6100,8
920505-07-5542,Nisa,Nur,Khairunnisa,F,1992-05-05,"245, Kampung Baru, 11000 Bayan Lepas, Pulau Pinang,",115577321,Y,Pharmacy Assistant,1797,9
651122-06-4994,Halimah,Nurul,Halimah,F,1965-11-22,"Lot 1709, Lorong Ilmu 9, Bandar Indera Mahkota, 25200 Kuantan, Pahang.",128882221,Y,Lecturer,5800,10
911010-07-5501,Zul,Muhammad,Zulkhairi,M,1991-10-10,"98, Kampung Jalan Tengah, 14000 Bukit Mertajam, Pulau Pinang.",195555123,N,Production Operator,900,11
850303-09-5111,Munish,Munishwaren,Maniam,M,1985-03-03,"45, Jalan 1, Lorong Pekatra, Taman Pekatra Indah, 01000 Kangar, Perlis. ",135677890,Y,Lawyer,5400,12
790506-05-5892,Cherry,Teoh,Chiakee,F,1979-06-05,"No 4, Lorong Suria 5, Taman Suria Indah, 70300 Seremban, Negeri Sembilan.",129876543,Y,Doctor,15000,13
831111-12-5661,Muhammad,Muhammad,Zarif,M,1983-11-11,"144, Jalan Tamparuli, Pekan Tamparuli, 99267 Tamparuli, Sabah.",199876543,Y,Teacher,2200.5,14
930919-28-5888,Sangketa,Sangketa,Subramaniam,F,1993-09-19,"Lot 1234, Kampung Bahru, 15200 Kota Bharu, Kelantan.",175555111,N,Clerk,1990,15
810831-02-5772,Siti,Siti,Zulaikha,F,1981-08-31,"No 16, Lorong Petani 6, Taman Baru Petani, 08000 Sungai Petani, Kedah.",167890000,Y,Lab Assistant,2800,16
999999-10-9999,Jess,Lim,Yan,F,1995-10-10,"44, Jalan Sungai Dua, 11700 Penang",016-4999999,N,Student,0,17
