dFirstName,dLastName,dDOB,dRelationship (1:spouse; 2:children; 3:parents; 4:siblings; 5:others),userID,dID
Nur,Aisyah,2005-03-19,2,2,
Muhammad,Haikal,2007-05-07,2,2,
Nur,Aqilah,2009-02-22,2,2,
Suyanti,Previn,1973-03-03,1,3,
Lim,Jiwen,2000-11-11,2,4,
Sukumar,Vishnu,1960-12-28,3,5,
Khairul,Fitri,1994-08-22,4,6,
Adam,Harith,2010-06-12,2,7,
Tan,Peiti,1974-05-15,1,8,
Muhammad,Akmal,1998-01-01,4,9,
Tivia,Arun,1968-03-30,3,12,
Khor,Kiaweng,1965-04-04,3,13,
Kim,Yinlin,2002-02-20,2,13,
Nur,Zuriani,1985-05-05,1,14,
Muhammad,Rizuan,2008-11-07,2,16,
