pID,pType,pName,pCoverage_LLimit,pCoverage_Ulimit,pAgeRange_Llimit,pAgeRange_Ulimit,pCoverageTerm,pDescription,pCompany,pPrice,pScore
,M,ManuMedic-A,100000,1000000,0,70,A99,,Manulife,100,1
,M,Value Med-A,150000,1500000,5,70,A99,,Prudential,120,1.1
,M,Medisafe Infinite-A,200000,2000000,10,70,A99,,Allianz,140,1.2
,M,A-Life Med Regular-A,250000,2500000,15,70,A99,,AIA,160,1.3
,M,Value Med with MedSaver-A,300000,3000000,20,70,A99,,Prudential,180,1.4
,M,Omni Health-A,100000,2000000,0,70,A99,,Zurich,200,1.5
,M,Medic Partner-A,150000,3000000,5,70,A99,,Tokyo Marine,220,1.6
,M,A-Life Med Regular-i-A,200000,4000000,10,70,A99,,AIA,240,1.7
,M,Great Medicare-A,250000,5000000,15,70,A99,,Great Eastern,260,1.8
,M,Health Care Supreme-A,300000,6000000,20,70,A99,,Tokyo Marine,280,1.9
,M,ManuMedic-B,100000,-1,0,70,A99,,Manulife,300,2
,M,Value Med-B,150000,-1,5,70,A99,,Prudential,320,2.1
,M,Medisafe Infinite-B,200000,-1,10,70,A99,,Allianz,340,2.2
,M,A-Life Med Regular-B,250000,-1,15,70,A99,,AIA,360,2.3
,M,Value Med with MedSaver-B,300000,-1,20,70,A99,,Prudential,380,2.4
,M,Omni Health-B,350000,-1,0,70,A99,,Zurich,400,2.5
,M,Medic Partner-B,400000,-1,5,70,A99,,Tokyo Marine,420,2.6
,M,A-Life Med Regular-i-B,450000,-1,10,70,A99,,AIA,440,2.7
,M,Great Medicare-B,500000,-1,15,70,A99,,Great Eastern,460,2.8
,M,Health Care Supreme-B,550000,-1,20,70,A99,,Tokyo Marine,480,2.9
,M,ManuMedic-C,600000,-1,0,70,A99,,Manulife,500,3
,M,Value Med-C,650000,-1,5,70,A99,,Prudential,520,3.1
,M,Medisafe Infinite-C,700000,-1,10,70,A99,,Allianz,540,3.2
,M,A-Life Med Regular-C,750000,-1,15,70,A99,,AIA,560,3.3
,M,Value Med with MedSaver-C,800000,-1,20,70,A99,,Prudential,580,3.4
,M,Omni Health-C,850000,-1,0,70,A99,,Zurich,600,3.5
,M,Medic Partner-C,900000,-1,5,70,A99,,Tokyo Marine,620,3.6
,M,A-Life Med Regular-i-C,950000,-1,10,70,A99,,AIA,640,3.7
,M,Great Medicare-C,1000000,-1,15,70,A99,,Great Eastern,660,3.8
,M,Health Care Supreme-C,2000000,-1,20,70,A99,,Tokyo Marine,680,3.9
,L,TermLife-A,100000,-1,0,70,A99,,AIA,100,1
,L,Life Cover-A,150000,-1,5,70,A99,,AIA,120,1.1
,L,Ezy-Life Secure-A,200000,-1,10,70,A99,,Etiqa,140,1.2
,L,i-EssentialCover-A,250000,-1,15,70,A99,,Allianz,160,1.3
,L,i-DoubleSecure-A,300000,-1,20,70,A99,,Etiqa,180,1.4
,L,SmartProtect Max-A,350000,-1,0,70,A99,,Great Eastern,200,1.5
,L,A-Life ProtectTerm-A,400000,-1,5,70,A99,,AIA,220,1.6
,L,PowerShield-A,450000,-1,10,70,A99,,Allianz,240,1.7
,L,Pruterm-A,500000,-1,15,70,A99,,Prudential,260,1.8
,L,Takaful Protect-A,550000,-1,20,70,A99,,Prudential,280,1.9
,L,TermLife-B,600000,-1,0,70,A99,,AIA,300,2
,L,Life Cover-B,650000,-1,5,70,A99,,AIA,320,2.1
,L,Ezy-Life Secure-B,700000,-1,10,70,A99,,Etiqa,340,2.2
,L,i-EssentialCover-B,750000,-1,15,70,A99,,Allianz,360,2.3
,L,i-DoubleSecure-B,800000,-1,20,70,A99,,Etiqa,380,2.4
,L,SmartProtect Max-B,900000,-1,0,70,A99,,Great Eastern,400,2.5
,L,A-Life ProtectTerm-B,1000000,-1,5,70,A99,,AIA,420,2.6
,L,PowerShield-B,1100000,-1,10,70,A99,,Allianz,440,2.7
,L,Pruterm-B,1200000,-1,15,70,A99,,Prudential,460,2.8
,L,Takaful Protect-B,1300000,-1,20,70,A99,,Prudential,480,2.9
,L,TermLife-C,1400000,-1,0,70,A99,,AIA,500,3
,L,Life Cover-C,1500000,-1,5,70,A99,,AIA,520,3.1
,L,Ezy-Life Secure-C,2000000,-1,10,70,A99,,Etiqa,540,3.2
,L,i-EssentialCover-C,2500000,-1,15,70,A99,,Allianz,560,3.3
,L,i-DoubleSecure-C,3000000,-1,20,70,A99,,Etiqa,580,3.4
,L,SmartProtect Max-C,3500000,-1,0,70,A99,,Great Eastern,600,3.5
,L,A-Life ProtectTerm-C,4000000,-1,5,70,A99,,AIA,620,3.6
,L,PowerShield-C,4500000,-1,10,70,A99,,Allianz,640,3.7
,L,Pruterm-C,5000000,-1,15,70,A99,,Prudential,660,3.8
,L,Takaful Protect-C,6000000,-1,20,70,A99,,Prudential,680,3.9
,S,PrimeSaver-A,100,-1,0,70,Y20,,Allianz,100,1
,S,MillionA Plan-A,150,-1,5,70,Y20,,AXA,150,1.1
,S,MillionA+-A,200,-1,10,70,Y20,,AXA,200,1.2
,S,A-Plus Enrich20-A,250,-1,15,70,Y20,,AIA,250,1.3
,S,A‑Enrich​Gold‑i-A,300,-1,20,70,Y20,,AIA,300,1.4
,S,TokyoMarine-More-A,400,-1,0,70,Y20,,Tokyo Marine,400,1.5
,S,FlexiSaver-A,500,-1,5,70,Y20,,Allianz,500,1.6
,S,PRUcash-A,600,-1,10,70,Y20,,Prudential,600,1.7
,S,PRUcash premier-A,700,-1,15,70,Y20,,Prudential,700,1.8
,S,A-EnrichGold-A,800,-1,20,70,Y20,,AIA,800,1.9
,S,PrimeSaver-B,900,-1,0,70,Y20,,Allianz,900,2
,S,MillionA Plan-B,1000,-1,5,70,Y20,,AXA,"1,000.00",2.1
,S,MillionA+-B,1500,-1,10,70,Y20,,AXA,"1,500.00",2.2
,S,A-Plus Enrich20-B,2000,-1,15,70,Y20,,AIA,"2,000.00",2.3
,S,A‑Enrich​Gold‑i-B,2500,-1,20,70,Y20,,AIA,"2,500.00",2.4
,S,TokyoMarine-More-B,3000,-1,0,70,Y20,,Tokyo Marine,"3,000.00",2.5
,S,FlexiSaver-B,3500,-1,5,70,Y20,,Allianz,"3,500.00",2.6
,S,PRUcash-B,4000,-1,10,70,Y20,,Prudential,"4,000.00",2.7
,S,PRUcash premier-B,4500,-1,15,70,Y20,,Prudential,"4,500.00",2.8
,S,A-EnrichGold-B,5000,-1,20,70,Y20,,AIA,"5,000.00",2.9
,S,PrimeSaver-C,5500,-1,0,70,Y20,,Allianz,"5,500.00",3
,S,MillionA Plan-C,6000,-1,5,70,Y20,,AXA,"6,000.00",3.1
,S,MillionA+-C,6500,-1,10,70,Y20,,AXA,"6,500.00",3.2
,S,A-Plus Enrich20-C,7000,-1,15,70,Y20,,AIA,"7,000.00",3.3
,S,A‑Enrich​Gold‑i-C,7500,-1,20,70,Y20,,AIA,"7,500.00",3.4
,S,TokyoMarine-More-C,8000,-1,0,70,Y20,,Tokyo Marine,"8,000.00",3.5
,S,FlexiSaver-C,8500,-1,5,70,Y20,,Allianz,"8,500.00",3.6
,S,PRUcash-C,9000,-1,10,70,Y20,,Prudential,"9,000.00",3.7
,S,PRUcash premier-C,9500,-1,15,70,Y20,,Prudential,"9,500.00",3.8
,S,A-EnrichGold-C,10000,-1,20,70,Y20,,AIA,"10,000.00",3.9
,E,A-EduAchieve-A,100,-1,0,70,Y20,,AIA,100,1
,E,PRUlink-A,150,-1,5,70,Y20,,Prudential,150,1.1
,E,SmartEucate Saver-A,200,-1,10,70,Y20,,Great Eastern,200,1.2
,E,EduSaving-A,250,-1,15,70,Y20,,Allianz,250,1.3
,E,Wealth Edu-A,300,-1,20,70,Y20,,AXA,300,1.4
,E,TakafulEdu-A,400,-1,0,70,Y20,,Etiqa,400,1.5
,E,Education Savings Plan-A,500,-1,5,70,Y20,,Tokyo Marine,500,1.6
,E,Education Insurance-A,600,-1,10,70,Y20,,Maybank,600,1.7
,E,Asia FlexEd Plus-A,700,-1,15,70,Y20,,Asia Pasifik,700,1.8
,E,Asia Predict Child-A,800,-1,20,70,Y20,,Asia Pasifik,800,1.9
,E,A-EduAchieve-B,900,-1,0,70,Y20,,AIA,900,2
,E,PRUlink-B,1000,-1,5,70,Y20,,Prudential,"1,000.00",2.1
,E,SmartEucate Saver-B,1500,-1,10,70,Y20,,Great Eastern,"1,500.00",2.2
,E,EduSaving-B,2000,-1,15,70,Y20,,Allianz,"2,000.00",2.3
,E,Wealth Edu-B,2500,-1,20,70,Y20,,AXA,"2,500.00",2.4
,E,TakafulEdu-B,3000,-1,0,70,Y20,,Etiqa,"3,000.00",2.5
,E,Education Savings Plan-B,3500,-1,5,70,Y20,,Tokyo Marine,"3,500.00",2.6
,E,Education Insurance-B,4000,-1,10,70,Y20,,Maybank,"4,000.00",2.7
,E,Asia FlexEd Plus-B,4500,-1,15,70,Y20,,Asia Pasifik,"4,500.00",2.8
,E,Asia Predict Child-B,5000,-1,20,70,Y20,,Asia Pasifik,"5,000.00",2.9
,E,A-EduAchieve-C,5500,-1,0,70,Y20,,AIA,"5,500.00",3
,E,PRUlink-C,6000,-1,5,70,Y20,,Prudential,"6,000.00",3.1
,E,SmartEucate Saver-C,6500,-1,10,70,Y20,,Great Eastern,"6,500.00",3.2
,E,EduSaving-C,7000,-1,15,70,Y20,,Allianz,"7,000.00",3.3
,E,Wealth Edu-C,7500,-1,20,70,Y20,,AXA,"7,500.00",3.4
,E,TakafulEdu-C,8000,-1,0,70,Y20,,Etiqa,"8,000.00",3.5
,E,Education Savings Plan-C,8500,-1,5,70,Y20,,Tokyo Marine,"8,500.00",3.6
,E,Education Insurance-C,9000,-1,10,70,Y20,,Maybank,"9,000.00",3.7
,E,Asia FlexEd Plus-C,9500,-1,15,70,Y20,,Asia Pasifik,"9,500.00",3.8
,E,Asia Predict Child-C,10000,-1,20,70,Y20,,Asia Pasifik,"10,000.00",3.9
