Gender,Age Category,Marital Status,Number of Dependants,Employment Status,Salary per month (RM),Expenses Category,Category of Customer
Female,2,No,0,no,0,1,low-end
Male,4,Yes,1,employed,3800,1,low-end
Female,2,No,0,employed,2600,1,low-end
Female,3,Yes,0,employed,2800,2,low-end
Female,3,Yes,1,self-employed,4100,2,middle-end
Male,2,Yes,3,employed,3100,2,low-end
Female,2,Yes,1,employed,3200,2,low-end
Male,4,Yes,1,employed,6100,3,high-end
Female,2,Yes,1,employed,1797,1,low-end
Female,5,Yes,2,employed,5800,2,high-end
Male,2,No,0,employed,1300.5,1,low-end
Male,3,Yes,1,self-employed,5400,2,middle-end
Female,3,Yes,2,employed,15000,3,high-end
Male,3,Yes,1,employed,2200.5,2,low-end
Female,2,No,0,employed,1990,1,low-end
Female,3,Yes,1,employed,2800,1,low-end
Female,2,No,0,no,0,1,low-end
Male,5,No,0,employed,4200,2,low-end
Male,5,Yes,3,self-employed,6100,2,middle-end
Female,3,No,1,employed,3800,2,low-end
Male,3,No,2,employed,4500,2,low-end
Female,4,No,1,employed,1500,1,low-end
Male,4,Yes,5,self-employed,8000,4,middle-end
Male,2,Yes,1,employed,2500,1,low-end
Female,2,Yes,2,employed,3500,2,low-end
Female,1,Yes,1,employed,2500,2,low-end
Male,1,Yes,1,employed,2800,1,low-end
Female,1,No,0,no,0,1,low-end
Male,1,No,0,part-time,700,1,low-end
Female,5,Yes,6,self-employed,3500,2,low-end
Male,5,No,0,employed,4800,2,low-end
Male,4,Yes,4,self-employed,12000,3,middle-end
Female,4,No,1,employed,3600,2,low-end
Female,4,No,1,employed,3600,2,low-end
Male,4,No,2,employed,4000,2,low-end
Male,3,Yes,1,employed,4500,2,low-end
Male,4,No,2,self-employed,5600,3,low-end
Male,2,No,1,employed,4800,2,middle-end
Male,4,No,1,self-employed,5000,3,low-end
Male,4,No,1,self-employed,5000,2,low-end
Male,5,No,1,self-employed,6000,2,middle-end
Male,3,Yes,2,employed,3800,2,low-end
Male,3,No,3,employed,4000,3,middle-end
Male,5,Yes,1,self-employed,14000,2,high-end
Female,2,No,1,part-time,1200,1,low-end
Female,3,No,2,self-employed,3000,2,low-end
Female,1,No,0,part-time,1000,1,low-end
Female,3,No,1,employed,3500,2,low-end
Male,2,No,0,self-employed,3200,3,low-end
Male,5,No,0,employed,3300,2,low-end
Male,4,No,0,self-employed,5500,3,middle-end
Male,3,Yes,1,employed,19000,3,high-end
Male,4,No,1,self-employed,3500,2,low-end
Female,3,No,2,self-employed,3800,2,low-end
Male,3,Yes,3,employed,11000,4,high-end
Female,4,Yes,2,self-employed,15550,3,middle-end
Male,3,Yes,1,employed,9500,2,middle-end
Female,4,Yes,3,employed,7500,3,low-end
Female,1,No,0,employed,3890,1,low-end
Female,2,No,0,employed,2250,1,low-end
Male,2,Yes,2,employed,4100,2,low-end
Female,5,Yes,2,employed,12500,3,middle-end
Female,1,No,0,employed,1900,1,low-end
Male,2,Yes,1,employed,4500,1,low-end
Female,5,Yes,3,employed,1650,1,low-end
Female,5,Yes,2,housewife,0,2,low-end
Male,3,Yes,3,employed,5100,3,low-end
Male,3,Yes,1,employed,2200,1,low-end
Female,3,No,2,employed,7800,3,middle-end
Female,4,Yes,2,employed,20000,4,high-end
Female,4,Yes,2,employed,19000,5,high-end
Male,4,Yes,4,self-employed,8800,4,middle-end
Male,2,No,0,employed,2500,2,low-end
Female,2,No,0,employed,3000,1,low-end
Male,3,Yes,3,employed,5500,1,high-end
Male,3,Yes,6,self-employed,9500,4,middle-end
Female,5,Yes,6,self-employed,10000,5,high-end
Female,4,Yes,2,employed,4800,2,middle-end
Male,4,No,0,self-employed,3800,2,low-end
Female,3,Yes,0,employed,15000,4,middle-end
Male,3,Yes,3,self-employed,20000,5,high-end
Female,2,No,0,part-time,1900,1,low-end
Male,3,Yes,2,employed,4100,3,middle-end
Male,4,Yes,2,employed,5500,4,middle-end
Female,1,No,0,employed,2800,1,low-end
Female,3,Yes,1,employed,5000,2,middle-end
Male,4,Yes,1,employed,6500,4,middle-end
Female,2,No,0,employed,3950,2,low-end
Male,3,No,0,self-employed,3700,3,low-end
Female,4,No,0,self-employed,9500,1,low-end
Female,1,No,1,employed,2990,2,low-end
Male,3,Yes,2,employed,4200,3,low-end
Male,1,Yes,1,self-employed,5500,1,low-end
Female,5,No,0,employed,5660,3,middle-end
Male,4,Yes,3,employed,4800,3,middle-end
Female,3,Yes,0,housewife,0,1,low-end
Female,4,Yes,1,employed,5600,3,low-end
Female,3,No,1,employed,9000,1,middle-end
Male,4,Yes,2,self-employed,13000,4,high-end
Male,3,No,3,employed,12000,2,low-end
,,,,,, ,
