﻿Gender,Age,Marital Status,Number of Dependant,Career,Salary,Expenses Behavior,Customer Category
F,3,Y,3,employed,2600.00,1,low-end
M,4,Y,1,employed,2800.00,1,low-end
M,4,Y,1,employed,3700.00,2,middle-end
F,3,Y,1,self-employed,4100.00,2,high-end
M,2,Y,1,employed,2500.00,1,low-end
F,2,Y,1,employed,3200.00,2,middle-end
M,4,Y,1,employed,6100.00,3,high-end
F,2,Y,1,employed,1797.00,1,low-end
F,5,Y,0,employed,5800.00,3,high-end
M,2,N,0,employed,900.00,0,low-end
M,3,Y,1,self-employed,5400.00,3,high-end
F,3,Y,2,self-employed,15000.00,3,high-end
M,3,Y,1,employed,2200.50,1,low-end
F,2,N,0,employed,1990.00,1,low-end
F,3,Y,1,employed,2800.00,1,low-end
F,2,N,0,no,0.00,0,low-end
M,5,N,0,employed,4200.00,3,middle-end
M,5,Y,3,self-employed,6100.00,6,high-end
F,3,N,1,employed,3800.00,4,middle-end
M,3,N,2,employed,4500.00,3,middle-end
F,4,N,1,employed,1500.00,0,low-end
M,4,Y,5,self-employed,8000.00,3,middle-end
M,2,Y,1,employed,2500.00,1,low-end
F,2,Y,2,employed,3500.00,2,middle-end
F,1,Y,1,employed,2500.00,3,low-end
M,1,Y,1,employed,2800.00,1,low-end
F,1,N,0,no,0.00,0,low-end
M,1,N,0,part-time,500.00,0,low-end
F,5,Y,6,housewife,0.00,5,high-end
M,5,N,0,employed,4800.00,3,high-end
M,4,Y,4,self-employed,12000.00,5,high-end
F,4,N,1,employed,3600.00,2,middle-end
M,4,N,2,employed,4000.00,4,high-end
M,4,N,1,employed,4500.00,2,high-end
M,4,N,2,self-employed,5600.00,2,high-end
M,4,N,1,employed,4800.00,3,high-end
M,4,N,1,self-employed,5000.00,4,high-end
M,3,N,2,employed,3800.00,6,high-end
M,3,N,3,employed,4000.00,5,high-end
M,5,N,1,self-employed,12000.00,6,high-end
F,2,N,1,part-time,1200.00,2,low-end
F,3,N,2,self-employed,3000.00,3,middle-end
F,1,N,0,part-time,1000.00,2,low-end
F,3,N,1,employed,3500.00,1,middle-end
M,2,N,0,self-employed,3200.00,2,middle-end
M,5,N,0,employed,3300.00,3,middle-end
M,4,N,0,self-employed,3600.00,2,middle-end
M,3,N,1,employed,3800.00,1,middle-end
M,4,N,1,self-employed,3500.00,3,middle-end
F,3,N,2,self-employed,3800.00,2,middle-end
F,5,Y,3,housewife,0.00,6,high-end
F,3,Y,4,housewife,0.00,5,middle-end
F,3,Y,5,housewife,0.00,4,high-end
F,5,Y,2,housewife,0.00,1,low-end
F,5,Y,3,housewife,0.00,4,high-end
F,5,Y,4,housewife,0.00,3,middle-end
F,3,Y,5,housewife,0.00,2,middle-end
F,5,Y,6,housewife,0.00,5,high-end
F,5,Y,2,housewife,0.00,2,middle-end
F,5,Y,2,housewife,0.00,3,middle-end
F,5,Y,2,housewife,0.00,2,middle-end
F,5,Y,3,housewife,0.00,6,high-end
F,5,Y,3,housewife,0.00,3,middle-end
F,5,Y,3,housewife,0.00,5,high-end
F,5,Y,4,housewife,0.00,2,middle-end
F,5,Y,4,housewife,0.00,6,high-end
F,2,Y,1,housewife,0.00,1,low-end
F,1,N,0,part-time,1200.00,0,low-end
F,1,N,0,part-time,800.00,1,low-end
F,2,N,0,part-time,2200.00,2,low-end
F,2,N,0,no,0.00,4,middle-end
F,1,N,0,part-time,1000.00,1,low-end
F,1,N,0,no,0.00,0,low-end
F,2,N,0,no,0.00,0,low-end
M,2,N,0,part-time,1500.00,0,low-end
M,2,N,0,part-time,1300.00,0,low-end
M,2,N,0,no,0.00,5,high-end
M,1,N,0,no,0.00,6,high-end
M,2,N,0,part-time,2800.00,1,middle-end
M,2,N,0,part-time,3500.00,3,middle-end
M,1,N,0,part-time,4500.00,2,high-end
M,2,N,0,part-time,6000.00,3,high-end
M,1,N,0,no,0.00,5,high-end
M,2,N,0,no,0.00,5,high-end
F,1,N,0,no,0.00,1,low-end
F,2,N,0,no,0.00,0,low-end
F,1,N,0,no,0.00,4,middle-end
F,2,N,0,no,0.00,5,high-end
F,2,N,0,no,0.00,6,high-end
