userEmail,userPassword,userID,userType
ainamardiah@yahoo.com,ain246801,,C
thinishk@gmail.com,70tkumar11,,C
lkw@gmail.com,9871230,,C
suria@hotmail.com,sskumar80,,C
aimmar@gmail.com,khaimm44123,,C
wmchoo88@gmail.com,xandra88,,C
tan69@yahoo.com,ttbeng69,,C
nurnisa@gmail.com,7n7n77777,,C
halimah65@outlook.com,nhabcdef881,,C
mzulkhairi@aol.com,aaaazyxw,,C
munishmaniam@gmail.com,qwertasdfgzxc,,C
teohck@yahoo.com,teoh123456789,,C
zarifm83@hotmail.com,m9876543210,,C
ssangketa@gmail.com,mnbvcxzlkjhg99,,C
sitizulaikha@gmail.com,1234567890aab,,C
yan@mail.com,123456,,C
